frequency,amplitude,label
5029.802849180674,811.9484349268802,0
4991.704141929729,773.9706946330215,0
5038.8613122860415,704.7704295936139,0
5091.381791384481,648.2450577835541,0
4985.9507975166,755.8578650890872,0
4985.951782583049,731.47883083374,0
5094.752768930443,771.6154576022186,0
5046.046083749175,750.8137441345575,0
4971.8315368439025,783.9642172255468,0
5032.553602615158,657.1811830751545,0
4972.194938431252,805.3915252507461,0
4972.0562147857845,715.807968375392,0
5014.517736293962,866.0208698100212,0
4885.203185320532,644.8649745528346,0
4896.504930049218,838.87710425322,0
4966.262748245542,715.8328626770118,0
4939.230132779934,647.8865597108442,0
5018.854839955717,661.2891332756543,0
4945.518555468728,674.3722153444544,0
4915.261777919883,733.9332757121533,0
5087.9389261352935,741.82683904284,0
4986.4534219708075,654.1039996849137,0
5004.051692281276,698.0516326191214,0
4914.515108827192,871.3816286889491,0
4967.337036528489,838.2034536080569,0
5006.655355382592,734.9058935739225,0
4930.940385354662,703.040278253456,0
5022.54188110074,709.6025061374609,0
4963.961678604872,749.0814378184333,0
4982.498375012404,618.1765947841276,0
4963.897603266236,679.4098770061324,0
5111.1366910705365,566.5132740897928,0
4999.190166515724,731.9378498084224,0
4936.537344262646,751.7756751762192,0
5049.352694726192,661.3450830160501,0
4926.749381001739,825.9189410632026,0
5012.531815700286,601.9387469598128,0
4882.419792567213,582.8500095832144,0
4920.308837066094,717.9561454847977,0
5011.811674152147,783.7678642089724,0
5044.307994799725,834.7142153166295,0
5010.282096871399,663.2892589704848,0
4993.061103056705,786.2944666745036,0
4981.933778264643,696.9193224399435,0
4911.288680577954,686.1898160047344,0
4956.809347496317,770.6927949989338,0
4972.361673742413,752.1858302730735,0
5063.427333573135,573.88862744126,0
5020.617097374107,818.1232279780717,0
4894.217590678236,810.4073083317961,0
5019.445038163688,649.9549838792376,0
4976.895063175021,731.6642826749927,0
4959.384679981643,739.5224149026191,0
5036.700577330452,720.8539012659126,0
5061.859971349757,655.9755876923664,0
5055.876807146972,646.2701305649559,0
4949.646948606642,697.9556743206844,0
4981.447257448927,793.8183215407491,0
5019.875805884214,743.4880123675546,0
5058.532707627342,670.3508534331115,0
4971.2495457292825,761.7358968518676,0
4988.860461400171,472.11659034959393,0
4933.6199015596385,791.9012560297683,0
4928.22760255516,560.8228976977521,0
5048.751549343652,671.0047246877494,0
5081.374401714249,610.4264084299085,0
4995.67939270518,596.4254819423276,0
5060.211973873522,792.8661429902816,0
5021.698161502858,662.5839038950487,0
4961.292814723693,727.7203105384573,0
5021.683736330505,696.2463536896653,0
5092.282193987958,738.1632661778497,0
4997.850437653403,706.1457512848204,0
5093.87861934884,597.3606220649144,0
4842.815293754616,779.7013455557712,0
5049.314150262513,660.499473347095,0
5005.22282409429,575.47344810722,0
4982.059558972048,665.750787122727,0
5005.50564659213,820.0607832507449,0
4880.745865123947,768.0177393690794,0
4986.819686729749,672.1078292473712,0
5021.426754290705,672.0593836545257,0
5088.673642684491,674.2691959026093,0
4968.903786903581,866.1398386848673,0
4951.490383826409,730.5548361785243,0
4969.894577384928,734.4033317752856,0
5054.924127062124,782.4226763225474,0
5019.725066579581,719.1031327221211,0
4968.214387773977,679.2766283343437,0
5030.796045986802,684.2920120732017,0
5005.824652960882,694.2718992468749,0
5058.118699431973,697.0222210792127,0
4957.876814367359,758.2103634909583,0
4980.340271204134,704.155670864584,0
4976.47351081207,758.6112061772463,0
4912.189103112073,693.5426735913134,0
5017.767216623874,706.2908152252872,0
5015.663316330793,540.1439452374314,0
5000.306807398548,773.3062139761985,0
4985.924771997491,727.7190780718394,0
4915.077755476975,779.8408087887722,0
4974.7612806340785,468.2995697445049,0
4979.437129008394,867.0699763824582,0
4951.863363846703,688.8328297475861,0
4990.32285730004,788.6546253390013,0
5024.243051408872,616.8075258299575,0
5113.171154072632,749.0219124050055,0
5010.474668769911,615.7267549461075,0
5015.453023443366,650.0984831443355,0
4995.53324505403,853.122508309343,0
4884.8737270820575,684.7454079389323,0
4998.409167473047,717.3946298543779,0
5003.613812596462,769.6054184551003,0
5147.794526749117,739.6545510378083,0
4988.458342113133,712.0335124114861,0
5018.092840540016,729.196880197298,0
4997.917293817685,892.273246819062,0
4929.879317742828,695.3904962373132,0
5068.569368870902,716.0879237371973,0
5045.115981961207,784.0523516806089,0
5047.461916822583,788.4420746366387,0
4945.436752712316,794.9624244448304,0
5084.167658656166,751.0984177623347,0
4915.8889362324635,608.5596069815613,0
5035.2114256280165,830.6745225840876,0
5131.427337548599,608.2923685585049,0
4940.567820492159,724.2108372191227,0
4966.0221362238335,639.6579319984513,0
5005.979081905259,694.8689322725606,0
4969.791460753028,726.3009928242784,0
4906.960194136032,725.7085772360218,0
5004.113778488361,733.7536603388228,0
4936.2617771764335,829.0969015246917,0
5028.415545838111,736.2827441211184,0
4944.8345459459715,680.4674691767481,0
5092.996064301053,777.1269734630686,0
4953.004802459825,795.1576391139713,0
4980.676309027659,601.7913747890406,0
5048.8110330421805,747.7920055879887,0
4926.148141013962,756.0938193848718,0
5013.647596076248,676.1949197312007,0
5078.428565256946,810.0565450649295,0
4903.551005926326,687.9955530373978,0
5011.078031511938,710.0461162777234,0
5015.592967654906,686.1542540572905,0
5046.909372306639,701.2463238065174,0
4925.7829573473155,612.2979930483839,0
4920.772603214943,584.7959293924564,0
5031.316493937014,827.5604050579977,0
5017.8190803939915,632.2430921345338,0
5015.029571020753,620.6886120434954,0
5020.7868925698185,527.7287909117028,0
4959.198516705291,648.8830601848398,0
5013.93522182966,594.1528165274001,0
5017.584348397921,831.3612128109096,0
4957.138914918418,780.7853671474107,0
5111.946470668686,644.9479723857821,0
5028.429975254708,880.1948644275446,0
4928.521790167841,778.5412389593275,0
5039.3932165180295,674.0134893193102,0
4941.519099786361,500.0475428101141,0
5047.225076224547,883.2754058072594,0
5069.515734740444,588.8342026589123,0
4950.759060898898,568.3681002434487,0
5057.802567754659,781.8056345607712,0
5024.76685561619,895.1801925071418,0
5049.323609599669,810.7418254808415,0
5113.807578959237,745.1127296041888,0
4985.276713039828,747.5803473332229,0
4954.77583013855,768.2732447024246,0
4946.629134222469,760.7142871829412,0
4951.051382902074,722.4953139175501,0
4995.373897435154,708.33608831615,0
5020.469118488999,694.9925497680382,0
5016.601447959802,639.6828328906658,0
5049.630994942161,677.5459938506581,0
5000.780113512675,564.5634548643692,0
5087.212044629439,692.13282985642,0
4984.120590005723,620.9127114279266,0
5163.210149995377,611.7128546227383,0
5037.540040865901,714.3915320922782,0
4948.570546615023,811.360182907568,0
4935.746450116333,773.465328480185,0
5028.948344914591,574.3599517101459,0
4986.592232880449,620.829749074373,0
5042.840029645526,775.2616950390573,0
5028.394257474412,621.4010085169352,0
4995.6302652405875,682.0293480002381,0
4949.192376915896,744.0041679219642,0
4909.109166518848,622.5324436109092,0
4973.209102875979,708.4300404916768,0
5051.383927659408,593.2779604065437,0
5012.845624647813,651.8905884839029,0
4925.255673277281,725.582554731403,0
5010.390855551071,572.5605013174664,0
5023.11904278373,735.2379790368319,0
4946.968553827932,698.4289760858655,0
5009.223506356731,744.1991963533718,0
5003.49252310676,717.9131307251729,0
4931.421782130163,809.1312343979075,0
5021.467241620897,710.0179602118326,0
5033.647071582094,665.6475567099798,0
5064.9830745905165,709.7838002425827,0
5063.228123122094,743.463842322911,0
4917.339837922575,703.9088056260564,0
4943.730497605093,703.2473352963106,0
5030.902116032519,643.8406649754596,0
5030.827157054732,646.9679265959242,0
5030.902861178363,587.7915782560245,0
5231.163889439284,839.9661394549552,0
5034.25343064159,600.4909411686972,0
5068.133938410836,644.5675841763274,0
5057.240105809592,642.5274187544642,0
5039.083475078348,771.5939501555553,0
4981.083845321579,676.4040257366378,0
5045.538153229596,799.8193658138987,0
4953.630487127745,646.1207500604905,0
4985.7908835956,722.3195329779041,0
4970.8781871302535,633.1722357392194,0
5004.9124483631795,871.611930221871,0
5138.87951400041,604.992126477639,0
4887.964088444495,724.7856568181622,0
5041.175611422471,750.7021504745679,0
4903.237047728621,733.1039277961198,0
4971.684088052634,685.1769872897834,0
5065.337035818042,689.6143440213259,0
5003.856801145727,703.5049177583288,0
4935.335313324242,688.2398398697209,0
4957.081777444402,777.1103293435928,0
5040.77586493608,876.8418401273082,0
4956.178002096972,655.4006571993733,0
5012.987515374918,590.4157616336738,0
5002.7343103942285,692.9374361318996,0
4960.903979143651,906.3767470123455,0
5128.636645359519,635.7060345624216,0
5038.035141339081,831.1293444355254,0
4878.491444800544,834.2160651261153,0
5011.187258886166,655.7129406633604,0
4960.292812113897,745.518646334822,0
5051.146000087773,830.271729850283,0
4952.448755694038,669.6697807210011,0
4993.115813511986,683.7135711918111,0
5030.299236738828,653.4655268841085,0
5051.945311650207,618.8194615445707,0
4927.982215576653,648.0577963947194,0
4979.929925849543,602.0847786590194,0
4971.503281330342,702.7266774607381,0
4960.800246045577,638.4021415153087,0
5105.927254416866,718.7028729432598,0
5024.298902657657,575.5283483037098,0
4924.346962739897,726.4704185771566,0
5055.071716823287,766.6823169287139,0
5127.329371820758,540.5011485942836,0
5061.947915633069,729.9245255878058,0
4908.837802042759,798.2135193978634,0
4970.945955628025,603.2287185047036,0
5076.014668951198,833.8057909470162,0
4957.539832062873,733.5215207492836,0
5026.629165688773,643.5990515393273,0
5046.4780432057605,695.5384737873835,0
4944.384171705315,744.6661530017378,0
4996.428478636292,706.0804313129929,0
4805.523959595856,743.1004793957095,0
4938.536741519943,626.3461125536508,0
4984.8459109164105,713.5488659228862,0
4925.133009082109,586.9028402476016,0
5097.944678235898,691.1019150921039,0
4914.191517322362,627.6873886828168,0
4973.597330798181,641.1576045928186,0
5007.844434637165,798.887454016835,0
5086.476397343967,787.3048096475416,0
4913.848270929234,748.7310496725742,0
5069.789825129297,612.6149788261937,0
5000.613983661176,674.6873240244158,0
4941.1094809371225,797.0478159983347,0
5027.726208455796,711.3373530911924,0
5011.943581734408,885.5463631985356,0
4963.986987370472,731.4654271515498,0
5004.188125099401,715.3639293192025,0
4976.881184188294,675.2706828638,0
5006.811040715075,710.6832723825826,0
5039.727840471262,687.8024130895565,0
5095.161008968721,756.6486941350872,0
4925.731070070389,776.5361853435668,0
5127.982002479376,637.1208431593641,0
4882.87473202865,593.5013637153777,0
4990.892894297865,553.1035701517362,0
5035.2990323890745,740.6393061530035,0
5016.859512064102,611.7306715060902,0
4962.638028810765,527.7687525638014,0
4987.512664978563,731.0862883624771,0
4970.41994392047,899.4399613946232,0
4964.6381145833475,699.5143270768085,0
5050.976125821261,767.0792619561314,0
5021.420929157903,706.5463486838051,0
4958.425424284361,692.0888277447086,0
5053.975992525995,773.5261186390214,0
5018.437971252597,676.7780364649079,0
5048.771727130337,721.3913851257522,0
5037.777730515417,725.7358244956811,0
4950.260299344675,646.5527637085561,0
4966.389137588182,779.3633879629218,0
5044.837616307395,686.0032194643674,0
5036.622215926008,639.5403872405724,0
4998.745904362151,742.9207874856323,0
5007.039642998527,628.122561456717,0
5076.659893747305,702.2544925895303,0
4964.50571666985,699.2704802684638,0
5032.825842870202,786.8716452665262,0
4987.868440853967,737.9758586303963,0
4986.939127806367,697.9978433003885,0
5065.926611119231,765.4213039360229,0
5049.524980939282,811.2166039213851,0
5048.810578160038,744.624824508149,0
5078.32872842926,700.8282095874705,0
5001.2602304979655,595.0531014119872,0
5040.9171782776975,614.7909069539702,0
4981.383994604393,675.5820236516266,0
5019.449981149307,651.2390238272574,0
4992.191416737939,685.0422957611643,0
5005.819757899563,704.5319939917686,0
5035.709421526215,742.3754203485385,0
4950.906759005991,694.3600977552727,0
5125.543236541128,738.9201315060961,0
4939.638957110018,705.1579531848096,0
4927.148683232736,541.9626746916903,0
5069.486652410004,624.8531684944996,0
5047.499761637776,688.4729955422707,0
5037.447189023129,603.2244205727114,0
5037.700730555856,747.9942983996964,0
4999.265193629185,822.4600665874958,0
4946.16473771085,797.5009481357854,0
5004.548273491623,682.9245703255833,0
4959.370297309273,819.2580909479962,0
5058.507184005065,711.8933965761689,0
4991.176557109871,673.0331223105569,0
4950.470168192449,650.9277869167248,0
4980.71684950082,675.8024250809498,0
5024.775887256537,668.9458545167017,0
4966.176526831761,713.633297790039,0
4950.6667762660145,712.8459184839892,0
5014.621232689515,700.2436816122731,0
5014.697994266523,734.955053579708,0
4969.583409477732,795.2517019829073,0
4971.737701662901,775.9643308353059,0
5013.922996241458,581.2081625240078,0
4913.11493951016,495.6863092078436,0
4915.552173537407,774.7455928991419,0
4956.8933467248535,590.6497041267663,0
4987.193170897289,682.0187678485853,0
5018.65445393588,606.3909579152512,0
5088.5213730169735,555.8415649935985,0
5051.459577392121,743.317018256383,0
4990.403688202195,760.7324128242118,0
4998.859027525838,653.8791679418624,0
4939.848238121732,492.7166166284072,0
4998.8892118404565,656.3004441398014,0
4982.680481664792,731.3443204322037,0
5019.363113620286,581.6870744980697,0
4950.366143386861,714.6687935823325,0
5031.16079085447,698.7752120661604,0
5091.964334780155,746.343319968087,0
4993.474391092588,709.5664294731323,0
5024.102703325936,622.1544847294756,0
5041.408639502667,795.7257201331593,0
4975.92677168685,687.3176341578423,0
5013.445548908625,697.8156368392055,0
5000.755544046908,625.3385632741443,0
5005.86056591293,664.5374199046792,0
4953.619412968672,629.2157828778479,0
5001.470610455536,686.1643152061262,0
5029.879897474727,836.9366784113874,0
5087.068616467703,590.2479085654915,0
5057.556249565112,570.9150881698607,0
5129.190947450694,817.6936261994887,0
4953.959146226717,683.2541058278507,0
5052.339238203241,646.4741809072067,0
5011.000520344302,783.1923749916862,0
5131.38817599306,651.5507568210509,0
4951.5021028786905,846.0807770837549,0
4949.616689469153,754.2340697071415,0
4964.036441273359,660.9670873483437,0
4872.566256541411,872.5846570612403,0
4968.4546986991545,651.5428061597329,0
4954.452040306778,759.3676297607445,0
5009.023627188572,723.9434064325194,0
5020.505358546629,804.1393031519038,0
5112.570250352953,824.9208957381483,0
5057.025430291163,702.5603319252614,0
4965.3857806602555,639.7265703723053,0
4946.095119719099,736.7977714351293,0
5029.51515029039,645.7827704198315,0
4920.786007578761,861.0709798021298,0
5109.8875259512615,710.922826486619,0
5070.766407243277,670.7742758950313,0
4971.849460873717,714.7744244691927,0
4897.211928254547,592.2298968376243,0
5081.2323424499245,622.2708769191479,0
4993.127609284843,796.0331126355541,0
5074.268978718408,647.4484576822883,0
4904.334340472338,616.2471213854449,0
4964.0374986227735,742.9322202021829,0
5000.314621983091,794.8563323730398,0
5002.818835625884,757.5162648532054,0
4972.996071711245,779.6838148644653,0
5037.37099594085,639.4563929144431,0
4935.942774237044,586.2551466606525,0
4991.457230898723,820.106692156439,0
5007.217737902714,674.1856128926291,0
5030.866330043525,679.9333586835962,0
5042.696892685333,806.2555313479246,0
4932.521474489728,744.4984007520528,0
4907.953149755863,736.4710217665286,0
5076.660609313911,873.2001875920866,0
5019.938840718775,648.5185415695886,0
4955.090807806607,774.227210246499,0
5093.069118531352,704.5610499917667,0
5006.940478057571,721.4873823090605,0
5070.757831043829,822.2774741130025,0
5004.051108884607,740.62686050317,0
5123.644875492919,743.0636863239706,0
5105.320450546592,785.8005869847842,0
4985.062151091255,670.8037816365692,0
5058.294257057261,632.8632266128795,0
5038.722556975109,616.4152644783173,0
5082.117893451941,542.6914728499198,0
4942.104592365194,864.4965703952257,0
5041.163087599906,611.7433307422654,0
5063.505469210975,682.2997101131382,0
4894.475630814613,677.8549360088864,0
4929.004489240054,724.5925358247281,0
4877.646069334394,765.2589770031437,0
4983.835589933326,768.8378790687797,0
5043.052535347758,653.353804914485,0
5090.141423125761,686.630262897087,0
5004.445686825186,722.606396039064,0
5097.716932734277,680.1047099053162,0
4917.193912507107,828.5876460815994,0
4897.797053638691,739.2779961310601,0
4996.667138066203,758.7902228839854,0
5023.043926936359,753.030501493393,0
4998.038315114354,793.877908598826,0
4875.953473997607,714.4817246962965,0
4994.652797629233,596.2534441635323,0
4921.731829969709,731.9750361402114,0
5040.180352929802,647.8914484966537,0
5021.995894765811,657.7106654600194,0
4943.607212820359,746.9091215004074,0
4969.167984959799,799.0626457146909,0
4936.447188686663,701.701726138885,0
4996.23925416361,724.7066410079171,0
5057.3085392300745,836.1771955708191,0
4940.856437219867,719.2602543590855,0
5030.242790931071,908.1346491344316,0
4968.184542897654,745.2407716505236,0
4952.42763006426,559.1389792675345,0
4993.578178402727,760.2673296883626,0
4937.8854606548375,730.4926707906222,0
4966.781041679169,803.1802203266196,0
4928.127326444669,753.8545081015967,0
5117.883507974983,688.9235212812981,0
5002.115813118304,602.0561410968508,0
4958.016469520445,683.2781394171179,0
5012.838794644053,631.958363663256,0
4993.26031701855,653.5581240156222,0
4986.741824028007,747.0862723536487,0
5036.850002002606,833.5923603481125,0
5045.450462602838,731.5737223858384,0
4968.169931143369,604.3293550371852,0
4965.450905561319,735.5682134576113,0
4983.496898170902,795.7305189316521,0
4861.884730115865,651.2173676544494,0
4909.0885362680865,689.2786266661666,0
5082.012456046671,701.1750555783358,0
5098.698062810077,637.2081349534208,0
4985.057837626618,751.8624347075088,0
5034.593417783346,690.3241481113774,0
5018.675009272612,733.5625955125622,0
5184.732848507314,629.000625775832,0
5067.1744946860745,665.0033359741271,0
4992.324944511154,757.7905086262217,0
4942.667573563975,670.1733478326587,0
4903.613220784546,838.1571080986724,0
5012.207818152034,668.0291051508318,0
4954.618955282942,717.9747780601509,0
4914.664777424139,774.6072665498472,0
4961.205626945449,586.5307413653575,0
4935.107119783136,559.1352950415379,0
5101.228498104354,577.9474948343924,0
5052.898385416967,801.0067282741745,0
4999.521641521003,655.8513483286042,0
5088.796648333401,904.6559428534601,0
5004.642098458857,654.8601921074089,0
4948.322947920305,714.764104255763,0
5091.38744463618,823.36879620543,0
5032.334602621079,860.4874310527298,0
4937.765230740412,864.9202861309118,0
4988.579679314984,796.6692984474514,0
4947.462904796915,781.925002064917,0
4917.03201614214,747.4021559360947,0
5055.570652851899,762.268886093331,0
5114.564998428208,655.9051426937174,0
4916.085945570851,634.5440893262154,0
5033.7781542014345,699.7300434071238,0
4960.96144585269,686.3852301980057,0
4970.772476974118,663.741756053818,0
4964.456364545668,755.7109957965372,0
4948.160553819211,776.4244166856408,0
5002.911297676689,707.0725509033477,0
4950.142993015338,818.202406484421,0
5016.22740954679,608.6648708693197,0
4996.985713433051,684.5072432576226,0
4985.663117188015,642.6542143517756,0
4945.546180277504,550.6770706341551,0
4965.3937201659,693.3855451325841,0
5045.323473549545,690.2601993293373,0
5030.055031257463,821.0759794593705,0
4941.346685312087,750.4649347643822,0
5005.959938325754,618.0650540536636,0
5045.083227402308,848.327405306735,0
4899.835683132717,797.6826956420282,0
5032.6016115427965,746.5678162774892,0
4960.242574463249,681.8812720920134,0
5034.23592011559,623.2448610621216,0
4954.204450607449,670.2234579143158,0
4891.707073960129,787.0998895763348,0
4902.34745372701,850.7669044747687,0
5002.885096799683,823.4594822617751,0
5015.5833501032885,660.8920462570981,0
4945.741002493735,610.4306053368791,0
5038.315547526642,711.2708997528963,0
4900.308796263862,558.5248507549719,0
4996.035212081161,725.8534171347825,0
4927.339028014253,688.1917930961065,0
4960.889833531871,662.7170798505406,0
5002.843920278985,572.4237546186564,0
4948.375198082963,741.0880085255774,0
4976.926667346211,657.3839328270471,0
5060.377568552866,606.406653143177,0
4965.386487828611,470.219022937468,0
5050.141526723908,697.7988075959491,0
4932.217588720543,841.7801277335795,0
5031.7882506749165,832.9007371638296,0
5086.494117239474,663.4322994730983,0
4851.701329992363,651.8230351710575,0
4952.186284671771,737.5019404860019,0
5034.624327630832,620.1291648649367,0
4987.817276837421,724.1433519855573,0
5022.268752402279,761.2864222707752,0
4963.760888797051,798.1546579107446,0
5005.195387248374,691.9876738816038,0
4990.659365876475,683.7060999858427,0
5070.066923699588,629.7613930594752,0
5015.265250598073,633.8495716768111,0
5020.256159724512,681.8816886478778,0
4975.287382032652,729.3892405452942,0
4970.743626555651,773.0867700986599,0
4974.046508730823,635.7456839455724,0
5023.667128542698,819.4150855167618,0
4974.7409311507845,678.3101119165945,0
5017.386491413785,698.2906164521252,0
5124.524047918726,640.2230656681742,0
5052.267482205902,506.0607791781647,0
4980.438588069929,770.723631708884,0
5072.072835329836,758.9475117673946,0
4975.515477618707,677.493795430543,0
4877.712527889329,705.3592573779897,0
4939.514821344956,741.275137416328,0
4887.752484738448,574.9963314490766,0
4978.909190957522,657.6757858122965,0
5001.105102751373,763.5411743697462,0
5100.586238736517,599.6568461464601,0
5019.61564242585,723.4846345733304,0
4986.853968271468,591.4734556301275,0
5049.764334871009,737.3143985946821,0
4867.331881459527,697.1486814162013,0
5014.136873486514,570.7894547275592,0
5046.251911633218,793.1791483565737,0
4911.284825253209,641.2326738561561,0
5068.625242592416,635.1798050388495,0
5020.309784449665,716.0455357784755,0
4975.082725165952,791.8909879542972,0
5037.966911966377,618.7342544817283,0
5136.241571468264,704.9343879878377,0
5010.911975303509,734.3053200264459,0
5014.89323517802,755.4484485810515,0
4972.438346027586,714.115324422178,0
4949.009337832113,670.6377728733343,0
5049.820148992655,633.7927823481024,0
4948.634970445468,706.89151064371,0
5004.293974233164,614.2288790411515,0
4971.340553194093,466.2919613204314,0
5028.738789544784,734.9247843326134,0
5020.019726317217,772.3147872868956,0
5062.252396655474,510.96540515665293,0
4969.399016068715,619.221543623205,0
4983.807503882398,749.5323408804159,0
4941.274177053062,864.599637576936,0
4973.342404395434,701.6634966140326,0
5022.638029582691,641.7597647016693,0
5045.419316998721,685.3682847116128,0
4944.670080549343,809.9901135318548,0
5052.176355206339,648.3228656700371,0
5081.338271528297,636.0646394679798,0
5024.806094193422,661.3805182254374,0
5112.607748753484,623.733711339303,0
4953.572648053786,709.8136252795837,0
4925.320717801315,829.9742766775648,0
4893.276785065743,725.8463418492823,0
5089.762658689351,679.811719829897,0
5039.261939381244,676.6550984867565,0
4996.664919745373,574.9447353042674,0
5016.798117579189,770.6487821717727,0
4932.470657162097,693.7730242389758,0
5146.745118777009,685.56160691275,0
5007.753270918513,955.4486054275889,0
5006.563687676294,723.9002326692549,0
5043.545997433922,639.8567159923853,0
5028.860553904203,665.8913923035566,0
5013.433041456748,791.8756567357404,0
4952.571532673282,709.0616328430211,0
5028.28810142816,584.9377617346106,0
5112.921469788502,773.5383147660162,0
5080.725202769298,646.5484731568805,0
5095.591197598364,849.8638220974036,0
4969.327059414129,786.4038452571718,0
4940.623710784485,664.2142483472999,0
4992.452784794021,802.481308938809,0
5003.343494737322,705.4284408421922,0
5065.651491108257,768.2218940097775,0
4898.452122217111,738.7786253835579,0
5091.773019167636,632.2914676007301,0
4990.519526085261,648.5160134146031,0
4974.387135803155,782.3968654064929,0
4939.27373748439,673.2179734314767,0
4900.708599688054,667.7081229406402,0
5049.390235037715,623.5901936520518,0
5004.399078031304,733.8879252474769,0
4922.602346015537,865.0019935394516,0
4922.295273676183,614.5973668596582,0
4979.852918042592,701.9375565338206,0
5100.141291517363,812.9776444332343,0
4984.424518918184,693.6286887003428,0
4909.811422812913,736.1897436999787,0
4985.255416154843,615.0085177482497,0
4983.636585815139,734.2645677766119,0
4838.186801423506,685.0284587996362,0
4996.742308008931,778.858399654389,0
4986.143928187479,794.9908841251801,0
5041.772381888805,907.1650913614891,0
5110.937365696721,746.370653857086,0
5067.593901772865,726.0637053265733,0
4983.86667856671,715.5507441261868,0
4933.6084454755,671.7466965751449,0
5154.401588194992,727.0787074769353,0
5003.553106040869,676.3678871888776,0
5000.835757514777,713.4768781015691,0
4998.5524947734,805.4078028486367,0
5011.885085646071,619.4765947776287,0
4991.338375284564,791.1902848903236,0
4965.580279587186,805.3692053871893,0
4967.1884635255765,690.5545178407137,0
4998.03480378704,530.2516080793124,0
4967.394513731974,651.3742410324454,0
4957.22925303937,803.7595637248887,0
5006.385813661514,698.1705550160895,0
4984.701366954749,620.0558214164072,0
5090.239579314962,659.6180063017426,0
4840.941811496419,767.2496021203642,0
5065.490411115347,743.7386854561104,0
5074.7651115498575,680.8854320664244,0
4875.596586055511,670.654047054825,0
4979.438744355179,668.6593480764942,0
4977.713548040252,626.2071852401198,0
4915.549298316931,829.2300551575554,0
4953.330998744547,674.2143624630928,0
4933.365449272051,797.3726816660397,0
5105.1362266054175,821.7052841537961,0
5056.140703588848,779.8648718518368,0
5076.29330569965,665.4703749825561,0
5043.3003238425945,732.2984072269287,0
4932.256893726966,698.0643514887267,0
4968.528784023214,627.7038511415898,0
5029.362473673675,725.9487425377282,0
4926.672331466483,605.6768167072158,0
5042.779905810344,795.0143510769251,0
4985.580476110512,662.8306162161285,0
4977.5107515470245,716.0927724698272,0
5042.65759809221,722.6630297236914,0
5026.655798689162,679.2876021036739,0
4978.342030050855,746.935504118022,0
5069.559788201855,662.007707470198,0
4935.136200344006,769.7037837965795,0
5036.956136416656,592.3216255802602,0
5035.586075478103,710.110366363713,0
4981.427213641161,855.1143199246628,0
5019.567981334527,619.9734940315541,0
4924.933185416882,645.7804023580119,0
5055.441621152414,741.1126279727132,0
4988.905871813421,714.3665425551678,0
4968.636618768857,728.0504079418847,0
5062.940553550214,739.1349704118131,0
4957.739378567435,750.7777174849416,0
4915.492322218186,788.7759873564978,0
4906.602249588565,732.7854925542811,0
5036.360597080738,680.6993876305166,0
4923.174238850223,753.8058960962185,0
5105.287650919062,851.9905547916172,0
4875.084235526977,689.3893002893941,0
5101.787382097402,622.0376556263486,0
5012.661048032157,788.5664535429578,0
4994.197213287776,690.3695068837121,0
4967.304854791463,526.1864363188771,0
5023.948166861124,767.7937341720337,0
4997.741917854509,657.1737451236862,0
5066.198112920992,692.7573374156672,0
5006.853658919722,726.5584264455211,0
5009.018105687713,715.2399743823253,0
4978.183267267169,756.7561453711231,0
4996.583262576736,665.1610903544125,0
5018.468106133523,741.0484638540867,0
4897.389896440603,679.2362657932866,0
4919.108874673657,759.1048384710002,0
5044.595845641363,749.2293987210443,0
5010.251926287677,625.1649038364324,0
4988.960999818839,786.8785692940025,0
5001.106035983924,657.1229243908762,0
5020.8549023217,764.6446238624916,0
4967.614419181438,729.3829850721072,0
4953.301716475861,847.0546941436098,0
5011.7507153058605,682.1227214102519,0
4941.297633343098,672.0546563105441,0
5024.495165342868,698.4464315289814,0
4897.844983745729,675.7456173732579,0
5061.749338239539,763.995352155364,0
5028.355848944782,570.695151325073,0
5015.361784058832,615.7054064682917,0
5058.961459036731,614.5757662736646,0
5099.928466667755,776.024607357886,0
5060.862203901088,836.849069806554,0
4889.547546120101,691.6440625170022,0
4923.225381995858,686.4942621447991,0
4962.510885338259,705.6041730490546,0
5001.56546301265,792.9502642086552,0
5031.059541228147,625.8117492647541,0
4956.455371210792,719.0695186187828,0
5011.206005868625,778.0158103825944,0
4954.6770240588,740.0875335951877,0
4963.308931820483,715.1665293278995,0
4915.600334189106,780.0836874053713,0
4944.606005233346,483.741416560061,0
4918.89892366302,754.2300255624726,0
4941.44760482136,647.6739453498061,0
5063.2185077964705,553.5493682514834,0
4943.0360666700835,740.8962079619985,0
5157.942923890243,809.8926836130366,0
5029.599074052853,689.0041188297846,0
5011.090167421692,776.2299637762351,0
4948.498533189128,828.9822606390917,0
5042.01859276454,805.1931562867238,0
4965.461730425734,831.1971623497114,0
5007.3205888787215,759.3701992857514,0
5153.605072296128,706.0346911121275,0
4994.236406016521,571.8427350482266,0
5068.9563995771405,680.3150009496042,0
4957.809414492447,632.5402723747046,0
4997.900690570183,873.6754173998252,0
5106.24803813813,685.9291350054131,0
4962.381976532734,709.8563845427589,0
5108.746913479816,744.1188300832374,0
5042.465116127329,703.4881957097963,0
4966.251993446344,835.6040832344602,0
5037.944464343332,650.1880510612439,0
5058.353266977604,715.5685964189794,0
5037.308597733032,640.6023531441562,0
4905.786516806573,594.3981991023436,0
4956.371769450508,651.0584727275772,0
4985.1488818669095,697.037056236127,0
4995.533994253998,665.6558220386192,0
5037.24032585304,644.6063216100915,0
5010.662060055995,587.4946029062532,0
4919.8793384773935,693.3515541897044,0
5022.811871060358,579.6223700775198,0
5036.635144717029,760.8044770951682,0
5033.587426875863,706.5951802347603,0
5064.846843533277,583.3958800428055,0
5050.035329272934,675.263273836011,0
5027.550804753706,639.8274875527534,0
4995.790057312482,725.5339608335345,0
4900.34234398904,807.2360356818516,0
5025.777093147955,549.9862024283404,0
5012.461261229787,709.2020863317933,0
5016.2947302317225,687.1893763546688,0
4923.395085450781,753.7072061160372,0
4935.136607575504,717.0557302590151,0
5063.189171199974,639.8424534608945,0
4997.6266907686,674.4756851466706,0
5040.890041842357,636.3179314557209,0
5001.699102567828,786.0805710878878,0
5001.785368369745,701.7049318937554,0
5056.29702835856,852.0952548602406,0
4969.037316306958,695.1471348948303,0
5005.767246616459,643.327458647163,0
4972.2634826776975,578.9028485909738,0
4973.930226354061,555.7488258995244,0
4981.449672591882,573.2691245595609,0
5013.328026298022,721.3701320809187,0
4971.275082700191,740.6980018583947,0
5075.345367534412,573.5047438374294,0
4946.32356186683,771.6030651260892,0
4988.7877013503185,661.3551158653248,0
4973.61613650355,711.743440958844,0
5086.818673061224,828.977650260434,0
5011.793286590694,771.7471452692425,0
5061.910672368118,678.5175481675334,0
4910.866377617782,628.704621966777,0
5016.023015952155,527.8547678936557,0
5053.377847737406,642.4677344606064,0
5004.937039356525,683.1095808937845,0
5063.928822503921,621.0256378279053,0
4968.962692993978,689.4994426326156,0
5084.560846411135,706.1481506367014,0
5137.933887417155,682.0115214553537,0
4978.22968637362,647.9997935341232,0
4973.269848715954,713.4923737573382,0
5087.203068627062,735.3552519655527,0
5094.7743287438425,612.7680738045723,0
4968.628398370804,812.8745903797017,0
4974.7887909742485,692.1129494172591,0
4983.09292346837,701.5079698355878,0
4919.332969337944,756.6571538605245,0
4944.880883210948,718.6572905010802,0
4939.751553994876,776.2509307130596,0
4953.932146093753,722.9699332161459,0
4997.918906756793,651.005010028765,0
5014.052883952191,728.9202820164882,0
5093.030029568845,608.501903414347,0
4940.098757555673,708.6847764621218,0
5059.059343908595,697.3416007484432,0
4987.160669346469,683.3506514181968,0
4997.032177420854,689.7169990848855,0
5040.489169529997,549.4520763601888,0
4932.6366787062625,656.1020073807231,0
5022.944584771043,707.4275920912892,0
5009.9871324927835,712.788511359792,0
5029.547075840489,617.7859887259233,0
5017.350118634469,801.2566272691761,0
5147.318008394654,630.7060121428399,0
4961.735600944921,777.5565760421389,0
4968.140182699891,734.1755489497348,0
4962.611568414514,648.3018152124957,0
4966.671372850385,842.024871408761,0
4961.756772361609,604.5090534594816,0
5071.340991866453,773.5323338888002,0
5085.230254879391,780.0465854434383,0
4965.755222375032,646.3503832738684,0
4950.058665613747,811.3972240051463,0
5028.284933383185,679.9962788320838,0
4966.866617343142,723.0954903423885,0
5037.975909065331,720.8257471016976,0
5012.175381251078,689.2553006823562,0
4909.055353100166,764.8646618527825,0
5092.850312079804,763.479097644177,0
5107.752660385731,560.1174421409455,0
4963.2326785709365,804.3472194302522,0
4976.737906403841,567.0006409571461,0
5017.1519234434945,782.6036963473326,0
5020.067407399221,790.1364109462066,0
5039.51265636037,612.7226855827842,0
5120.612272325981,667.1348569636332,0
4989.383166350357,611.5436265211251,0
4952.102165327693,682.8063175769012,0
4917.240846319129,675.3572572651407,0
4956.144197603485,762.3728425815472,0
4998.012381627572,804.8246996895687,0
5107.673471811067,811.6547048631965,0
4968.943322057829,655.0265578737358,0
5013.427277098334,683.2622501004378,0
4999.014626235635,565.324944622324,0
5071.303596406885,635.5303946803049,0
5151.6159455524175,777.1881306477966,0
4968.147873624781,829.2466258838585,0
4970.633633448907,601.2520902496062,0
5062.649652624144,652.6028592677685,0
5040.913489377579,697.8875394432858,0
5110.802439544162,722.4128927055685,0
5035.035691119558,635.2317184062683,0
4978.442474552777,733.9248835571271,0
5035.439289841539,662.0928522343268,0
5066.522214834975,698.8438183297377,0
5049.228930871842,743.702739840296,0
5030.436441866438,700.513781584875,0
5064.000481375349,665.0891287578745,0
5070.15773542674,691.2312156859335,0
5082.929539462251,692.9309632635732,0
5038.922593255378,670.3991176094298,0
4989.972915180989,679.2963149866318,0
5008.802821185999,827.8917736403773,0
5072.390537990502,744.8735558352992,0
4950.983859740766,676.3615745576672,0
5022.120398532374,755.7563523608588,0
4976.399671260358,673.2944408195192,0
5001.724689376089,793.8499710069314,0
5076.707111756438,729.5713753758475,0
5011.465944081194,691.4158284796617,0
5002.786192889369,735.8173540648222,0
4918.408631541205,574.3299078345201,0
5044.775213961633,609.8586024872155,0
5038.729050868465,604.4859994880755,0
5129.795283398327,711.4354475810966,0
4981.53330590282,838.6011999588073,0
5013.149019659836,878.5040116954106,0
5014.963021022645,751.0440881152606,0
5094.647196785809,740.0675579955565,0
4994.282268056783,555.9153812677808,0
5016.74129154622,656.5860960212783,0
5036.4737905829925,636.9772998473409,0
5011.1965473893815,650.3321921399107,0
4973.213983126969,686.5484945132168,0
5011.645399573898,662.2327537842298,0
5064.4179049915865,541.656015169937,0
4938.409082035337,759.8328204894027,0
5007.978180448813,614.1805579408154,0
4957.992751103649,719.1397491288919,0
5071.70279773549,865.9266135799978,0
4908.608785712973,626.4492326730862,0
4966.464689163705,497.57699818029363,0
5022.6327125038715,677.1196622495911,0
5093.931441754061,788.0767707998857,0
4996.054984335621,856.6677963376475,0
4966.688028398408,601.6360324438067,0
5112.869424166435,739.7359378589217,0
4913.119165975026,662.7751634575957,0
4868.071642602795,691.5241316556692,0
5026.4008670032,911.5474677613628,0
4969.876746538844,579.7623737283877,0
4938.726030972157,720.2991729195659,0
5042.501386837961,737.4154537412346,0
5014.628042826272,786.8629059951478,0
4966.155282155796,707.8386522776716,0
4923.181736079747,724.6440431603282,0
5052.347439696809,668.6681146062567,0
5039.01207067752,721.5301552996086,0
4994.049448173237,672.5446179602071,0
5110.79821976286,749.7257511884841,0
4935.794914020431,670.4311731165093,0
4908.468489744516,730.1680315121749,0
4958.485515807125,697.6589749052017,0
4997.2648390186705,790.0840200617735,0
5014.600366959362,695.8885021129211,0
4985.52583652862,558.1574025434495,0
5021.123323790858,800.9537200571193,0
4924.907634548574,627.5414159309905,0
5086.625876244396,647.6986929080945,0
4995.070929296446,652.3470964765206,0
5067.037749895288,809.9550474536654,0
5020.563520782663,529.1460628817043,0
5027.405193149227,951.0198826927995,0
5034.186036813932,784.4845447252842,0
5026.862513601039,717.8591131303327,0
5038.563365592053,695.6084799506971,0
5079.749151807946,722.8443259886126,0
5011.791270182088,741.6897942703471,0
5042.540225455311,751.6172468760045,0
4994.615858342767,744.4483572802759,0
5086.407032926968,707.16645450042,0
4959.4164618764435,684.2129263754139,0
5108.056425974649,687.898137307719,0
4997.590522961339,684.4073375717855,0
4914.153493872917,790.7016077493652,0
5007.686264894647,747.4845377824689,0
4959.136900551507,464.76890922685755,0
5050.438612939323,752.4720621223809,0
4960.842561241857,715.578895577502,0
4973.228994007113,698.5032994843282,0
4886.6275561432685,668.9185237528891,0
4972.861620845056,789.929017598881,0
4854.5672404022625,775.8021169698286,0
4904.965830590857,638.1697865741113,0
5045.624879368658,732.5641829699628,0
5047.14800951905,622.2674612366972,0
5025.527453707098,589.6305468168855,0
4941.981431412247,649.8626220328028,0
4997.137318631481,768.9914777906207,0
4999.783847654566,776.2500036300869,0
4930.498118648447,741.0468336077835,0
5090.203898106029,758.0076629478398,0
5052.64173743454,741.2942629691967,0
4986.74214957022,648.6814723821639,0
5001.613150339672,734.5538035739153,0
5012.502968476853,764.0327620182146,0
4877.495907894542,760.343306385086,0
4985.169357048764,795.1130697179715,0
4959.080945120132,756.6643077760851,0
4939.902799406305,728.1158566033266,0
4983.1339824268425,785.6120190653141,0
5107.861191610971,697.8782992600752,0
5038.45057167602,629.4500279017826,0
4965.729260613032,686.9546428844989,0
5034.354966881369,640.4077884154841,0
4795.985738002049,212.34472939581258,1
4838.438506342759,461.9711445966136,1
4786.606406320003,336.46376111743706,1
4825.363077628876,281.0333340909639,1
4698.510826643697,337.5654610286776,1
4867.063496589835,381.54746423441503,1
4850.096438028978,339.52553354617874,1
4784.632909514545,179.4433942900931,1
4902.739653474592,489.7066196887132,1
4925.005611010125,527.4875041278722,1
4721.395210850482,465.1521991339506,1
4788.982017714703,286.23143295751834,1
4788.468612017016,379.8508466052482,1
4774.807751911291,399.3478684770542,1
4916.35798735454,459.87943895619105,1
4834.4939088981755,466.8340488718081,1
4828.838812695151,326.58262012215044,1
4689.691010847459,408.199555641356,1
4900.833442416738,445.72804046152413,1
4750.859328411722,545.5822322146767,1
4854.794610421306,470.4506539824723,1
4872.190155036656,478.9056687375519,1
4958.852687667092,408.3826627929361,1
4745.294368070471,541.0459145203504,1
4608.439027534334,440.97627959594973,1
4864.707963580296,313.891208982643,1
4994.040894520868,540.3369970125191,1
4949.115708235155,469.7903272539028,1
4866.77275322197,355.6955978871518,1
4810.669105149436,352.0507032600757,1
4914.569807730984,429.6575545140762,1
4772.116304023642,446.3184795267585,1
4888.1086215484975,419.7292265631206,1
4890.43761273333,431.1308673442885,1
4934.8167925999105,569.995737457638,1
5070.772803112886,507.15431522348854,1
4881.393277374302,419.0635591265024,1
4809.2829099434,494.13105807674833,1
4847.95405502464,296.74760964724607,1
4708.47392760887,439.7927049946809,1
4794.422949512876,580.930634973311,1
4817.257404950951,378.1954104607626,1
4808.072928165233,315.23660713809153,1
4862.188389762698,334.79111114069394,1
4784.206405409424,291.0366962657612,1
4939.682453385958,321.52380918722963,1
4850.016565193456,362.9491901409971,1
4849.2559743089105,259.4432980821358,1
4823.768422678967,401.56183339496033,1
4862.415254708719,490.2277173786647,1
4916.007861173411,309.22438198530796,1
4780.629582743128,551.928392364177,1
4797.350680873979,451.07920885275945,1
4825.7019176978665,503.05805856240573,1
4742.330326122143,334.2165446147863,1
4784.45937122228,485.45252270666157,1
4811.902330116427,290.8066099604687,1
4919.951134457018,489.0247500836509,1
4871.004906320154,417.1839339793531,1
4865.487192909403,455.3251219984784,1
4918.071836973438,282.4405394375149,1
4839.010256928048,310.4930157723395,1
4881.237187994311,459.7228218253385,1
4841.7422597654,305.1651995775799,1
4871.22898795197,446.3206292099123,1
4803.379307391074,263.2862193539754,1
4654.894627337886,484.8174212666668,1
4839.2576670250955,276.74766852314906,1
4963.819850887995,455.22999376795235,1
4924.097232179327,462.5630933646001,1
4927.231798767294,330.3228181570425,1
4948.890457744497,458.20265670847266,1
4857.092607276915,426.0442263333556,1
4865.785256592448,346.1158143807262,1
4800.587848365252,299.14453159237917,1
4824.714171517836,203.7374308327421,1
4899.261691981691,434.96500472996934,1
4946.310754973505,243.5197228637945,1
4838.84429794552,409.53441994413083,1
4813.984858811887,373.6551783917751,1
4850.0422367085275,467.91427754381954,1
4898.096539914329,369.7954500510136,1
4734.491614709316,367.0552213652909,1
4666.305523749021,473.18707042882954,1
4805.957052040673,433.50580290841174,1
4752.343005926868,431.6155957182778,1
4809.348784188215,446.92675898085264,1
4838.177574494603,246.4427876792894,1
4813.740127278159,475.6788679986982,1
4966.19740275766,461.2468794013602,1
4876.139581168186,298.3316871423503,1
4874.037948768866,375.5919526325799,1
4899.776571523472,396.0692712372369,1
4758.8933505775385,386.5503215598267,1
4933.128942993621,433.3859966568535,1
4843.938857077163,543.1366781831184,1
4903.638449379297,508.17667276728287,1
4764.251421356787,268.7780806568594,1
4725.699298718715,462.2069990306049,1
4915.431172642002,532.893331953541,1
4880.1127620878015,438.6808520689203,1
4777.835875651399,509.0980425185967,1
4780.426953498025,601.2270445700765,1
4940.034782753181,502.37095461069816,1
4754.847048570614,424.93085956417286,1
4981.413836260477,504.50884740847533,1
4777.95034122817,414.4887833096891,1
4901.07135404867,402.3903043284956,1
4823.710521940081,364.85857642862675,1
4898.254994486588,556.3413358832108,1
4806.470879830865,318.15713340579987,1
4836.976567514216,553.2367724678115,1
4853.273534031658,449.9864123740371,1
4769.825003537482,260.06938251980586,1
4909.26594763361,436.7649292991422,1
4808.942914682273,189.9973492348376,1
4831.712006772798,462.5508016831036,1
4770.452050031319,488.5231482988991,1
4645.013307296375,340.76440443479464,1
4834.717778991986,412.35476959555825,1
5043.009233729033,595.4157433750286,1
4912.768343031842,349.4253295738063,1
4848.459169621248,294.10924129433994,1
4828.968733663339,548.1663402462599,1
4851.797271424964,596.2587190530795,1
4893.769529214017,400.3695671847847,1
4755.5349747752925,501.1463035408356,1
4939.14573557351,534.1475915530881,1
4907.2305052352995,325.7515767461616,1
4907.454858056635,351.4694164632132,1
4885.078059104778,523.0874513154735,1
4851.569332615519,568.5014278708509,1
4903.828898877346,456.2880860174355,1
4897.34513069931,312.0185646497946,1
4821.676743124718,598.706111169944,1
4804.111858168248,346.9029102188035,1
4858.148503620959,366.4862218828548,1
4973.921612119615,434.23378344896213,1
4750.871433947688,555.4160420714775,1
4732.597978739805,485.3975976552224,1
4863.180867298921,441.48655003619103,1
4854.071016148481,446.3288530118106,1
4863.867333149633,404.3514668643466,1
4869.51625583268,455.81395145185064,1
4832.143819629216,147.0439922305697,1
4969.189075088167,370.33925409302014,1
4721.927681721879,424.1321934916781,1
4783.72023801758,284.8985916380493,1
4841.739619188076,438.632331781156,1
4718.544895107667,379.55287790138783,1
4835.931647645434,575.547569831549,1
4982.9176132582415,557.3019725214856,1
4851.670919063677,353.4194430881837,1
4868.456072457495,384.9162288433305,1
4749.186818786194,392.60524343916074,1
4800.691087356842,354.8340523840377,1
4819.984289574085,419.50249840281265,1
4824.582792259502,324.17179311124096,1
4952.531503600301,286.9384665062474,1
4894.6152848580095,462.27112239002685,1
4761.083363445037,462.9529584221811,1
4869.7203822745605,319.56842403400077,1
4889.857739879742,489.53554307625996,1
4941.211923081702,336.84222708346687,1
4976.44325492547,425.31652380379813,1
4768.79246465377,482.0344012612456,1
4785.131399103173,396.6387435296287,1
4749.393771286831,445.47409121411346,1
4831.278411271442,348.35703561124285,1
4887.308669955707,380.3533416571903,1
4928.986761327128,379.414056911966,1
4843.923918108599,325.3421653459761,1
4824.412198139613,382.3225836884218,1
4862.140639379899,245.13817011362534,1
4783.188567869598,350.8846252857895,1
5017.163097735582,371.5124506630329,1
4721.387117830555,374.382024750462,1
4864.7792463116575,375.85025541292214,1
5011.888497538371,393.8235800139871,1
4850.5439875648,447.9441518086064,1
4834.79687719988,487.4517074132523,1
4821.404366175166,335.0234773151733,1
4835.568665459007,279.67991446108556,1
4959.827877974122,295.7955587756897,1
4673.05104709364,351.2797078805073,1
4972.674696103706,364.8078682183491,1
4736.083427803988,323.00039338025425,1
4828.667813661247,270.38833357501056,1
4815.660446376107,354.3879172525812,1
4897.084261581657,418.14266201139714,1
4722.1500518493,459.5029465835565,1
4886.973813286555,344.25769468916786,1
5011.944769862948,358.7002177856566,1
4740.946079632575,307.3301691152689,1
4865.176493408831,396.85608296252235,1
4797.041425776271,315.1571365809185,1
4884.070976495443,457.31278132412,1
4851.53182219326,221.41335080658888,1
4798.6810472764555,364.03703275475374,1
4889.029782789686,430.1107339191742,1
4994.34784878294,418.38345163225046,1
4834.7276966618165,669.3033663980497,1
4907.580635371854,434.98000245679077,1
4746.538163370307,299.594540315799,1
4773.485089854559,390.4535752910927,1
4887.79250223043,222.37536665335483,1
4968.729282282877,391.94002507032394,1
4878.449067902853,316.6943942999241,1
4824.955357558148,491.5390275560162,1
4849.943312433868,345.04597254044654,1
4749.967381282422,388.32340842047535,1
4898.361226108429,336.4442158595597,1
4920.586644985873,573.8851351853332,1
4813.832773373353,367.8757233882088,1
4812.39662817924,583.2557043479202,1
4871.270258372164,481.41517621182663,1
4815.062421116752,448.2066727335386,1
4844.709390829934,436.873314731752,1
5017.977743133321,439.3797298216252,1
4830.23794394032,207.232742065439,1
4821.3327878383025,372.1116605849243,1
4798.196655549187,484.51579711843215,1
4909.535357719995,395.11028165258944,1
4835.5020661425515,259.4810153196425,1
4798.050156934286,394.75955494225303,1
4955.704322581841,570.4105516255491,1
4963.568240361091,524.689171553472,1
4801.966114740903,393.79959906339684,1
4700.6768038911505,495.14492770580864,1
4930.601095186954,363.34929796319483,1
4795.2296139392,229.6128413173281,1
4913.250047933021,307.5534011870445,1
4692.391694583053,556.2888768508197,1
4921.407787063945,372.60069181706956,1
4753.106245657537,375.6616020624982,1
4908.461129525322,370.01618037251194,1
4851.141845426915,590.4136589573006,1
4773.684846448268,562.5958915362063,1
4817.437094965858,621.8780233448134,1
4904.905476556536,384.09547895999486,1
4858.471556249218,429.5624488747095,1
4896.753038437799,248.3357450579209,1
5008.115246761239,547.6934426118274,1
4724.860671063116,283.2220448732065,1
4979.3770059974895,421.6775563762629,1
4858.348475001857,290.2697472367156,1
4778.09727613415,341.1133173261304,1
4743.57490994088,316.27375689503,1
4834.870368737837,339.2124739324182,1
4923.732008953957,346.08772968510215,1
4839.796070369797,345.1731205074923,1
4970.892394419788,483.3333911780307,1
4733.905944795875,289.513720693748,1
4849.032884172316,422.0541427013867,1
4749.80852444695,521.7959152305558,1
4879.090550609997,348.6803635486604,1
4920.950991207784,328.2081109252398,1
4816.339056505516,376.9475374819749,1
4641.662891469829,517.972520836071,1
4865.91585174372,419.41076309533577,1
4884.939084138681,346.8785705392402,1
4882.343580396936,448.38766511880397,1
4948.862575345773,289.77078501635765,1
4764.315705628076,468.1359510442948,1
4904.417288436036,440.86073077017676,1
4945.400600998238,369.2191528861116,1
4707.712993279479,316.14142015527693,1
4875.5721460735185,311.3319077716543,1
4809.665613519386,453.481733634591,1
4843.478186151869,522.8980502489062,1
4877.814118683067,336.2692252971205,1
4811.021714870916,445.83867035514845,1
4795.943353667071,191.29729813979313,1
4852.7321933990415,341.53822693428003,1
4763.020324890976,396.89410671290983,1
4763.133989689185,309.0316583018166,1
4904.34986263652,306.3493625210404,1
4758.096477187308,333.2220443531114,1
4903.305000072737,429.21927283263733,1
4887.007303428316,381.26709815936255,1
4711.935461696752,176.1768766675028,1
4795.794827813148,187.9299847364934,1
4945.52875224379,339.31348221428243,1
4771.506757508825,445.7686586053552,1
4812.847659015249,125.24951572747653,1
4886.964871460152,350.02698238483697,1
4912.671240742608,347.3752143482579,1
4829.87688911644,538.8337778208447,1
4802.199184424669,361.49781882871366,1
4963.789588935881,438.2988984740928,1
4989.111973103806,414.12571400874634,1
4928.308644062544,186.94335201927993,1
4856.825451405202,476.82072166317374,1
4785.338742268726,421.5396505456288,1
4783.5644474754745,450.82686396745896,1
4891.801128421261,792.6237706436327,1
4883.471857671095,191.58870605014116,1
4962.127887435714,572.4696649761108,1
4902.036007402891,371.25524805996446,1
4729.753575859215,428.73289044030093,1
4934.155809417834,395.4487754698758,1
4770.155149814847,357.5763666601956,1
4819.282298243812,343.0167071761241,1
4870.016016500135,432.9508735573009,1
5009.653399182717,248.2826303328321,1
5098.793484480429,475.05791675217654,1
4898.537844730895,358.3805595114746,1
4835.344270502369,286.9930660959642,1
4892.760451878444,354.99871420041865,1
4921.012434069907,525.7149216862573,1
4824.346589955425,346.4664912983777,1
4993.616908472985,435.845361820962,1
4868.405660735312,326.9043724284527,1
4889.819447127312,475.79218499236197,1
4903.273940164357,468.5507738790204,1
4883.726928849156,584.8608833296412,1
4917.115240037569,382.44360545007845,1
4800.6197450762465,466.86548047579066,1
4805.335859684317,409.80675395389443,1
4761.987661362265,529.5871781863015,1
4885.160098449618,328.11676123912696,1
4912.314920280969,474.5005312877281,1
4886.621829292151,380.5302703883318,1
4983.959394667803,393.5811822891502,1
4849.5523184936765,409.1752484448373,1
4903.499332447401,425.2240396426677,1
4762.663929908855,388.37709568780417,1
4819.032023802048,421.47131831705263,1
4905.643020605262,557.8118057562185,1
4917.928168859452,498.54496856152184,1
4826.482644186865,486.91545924968966,1
4844.272059851354,354.4460473976129,1
4728.570100265535,311.0759171771676,1
4821.437663935471,495.5300558237753,1
4921.230653081583,487.6046792529794,1
4896.016401288525,547.2670675750982,1
4890.053257710497,339.60193740307705,1
4853.981894974477,377.04513446396527,1
4850.565052690255,236.0515837474566,1
4797.174308842124,360.7528893939127,1
4905.906273616203,499.6570510579447,1
4883.6778355511515,353.3504620771802,1
4889.361507839424,464.0479795200824,1
4807.917212586593,380.94968940021886,1
4677.7325664103,432.40570282215606,1
4937.772216940296,285.2308610184333,1
4811.693003519327,408.5209449633901,1
4780.97793887655,100.88640290992765,1
4905.47831295312,381.3103841838015,1
4818.63898880647,236.952675628486,1
4934.79491072373,520.5994516546816,1
4899.360475966136,477.7407352764511,1
4904.6855458560385,446.6670981966081,1
4740.723543103957,552.100622715938,1
4946.955518830912,305.10834791751626,1
4870.900042498709,574.7363197915558,1
4820.457828860303,493.21915642603847,1
4861.47107738738,376.3444712781054,1
4707.9011813681345,513.5620147182944,1
4882.692224918454,289.3706487588366,1
4767.650279345435,317.54858384723263,1
4741.786377132517,339.14102767603,1
4728.211265102569,347.1022291935985,1
4939.015069999194,294.34423572397475,1
4799.658928504577,522.3083067095325,1
4972.69821679332,374.11455996301686,1
4807.135882955816,435.25049683568795,1
4713.411363392564,342.96486335863193,1
4760.678044804107,217.9396699451483,1
4948.864929600555,427.00573583914223,1
4837.528145765066,208.7745024580223,1
4806.137016280752,393.1365953914531,1
4862.801458068223,263.168496116719,1
4890.142618893404,598.7275999230808,1
4939.391905272197,491.1362722174722,1
4965.879938391434,410.57537912714804,1
4821.218508336873,526.3706677654668,1
4743.916185113437,315.36840225342644,1
4816.9227871101375,454.3479378670093,1
4870.822440526631,419.98104337187135,1
4772.899285903151,426.402008133367,1
4773.4279268083965,527.2353500106768,1
4877.503030523991,473.24921027798024,1
4846.1078118743635,428.8723662825023,1
4852.6237596329265,234.51125637717038,1
4789.3203732239945,303.99537047205365,1
4831.5679428635385,387.7291066404276,1
4776.061348458536,409.3372374276651,1
4921.215872889983,286.97962753260765,1
4932.8199467779,641.1676675578422,1
4702.3049710209525,551.6394055253572,1
4775.639131184607,460.21183203924835,1
4730.2776595927935,407.2036861283745,1
4797.998085247448,378.7791030098848,1
4843.324962416771,304.80815399777646,1
4734.028382424118,407.74805185188626,1
4776.251214949975,425.77525401427505,1
4769.68341023348,275.8239424518376,1
4866.581386351915,433.4176417244897,1
4855.5475469629,384.4740951175251,1
4792.26099573302,209.2192442122609,1
4864.145669771152,313.9614989220498,1
4806.265593233019,358.6394466578356,1
4828.267591173916,588.7687657340191,1
4983.876167223883,455.6553124533758,1
4957.236884143228,266.45184309001087,1
4746.033501045792,448.6036289417637,1
4916.378593430334,245.26960110616344,1
4914.911724359327,508.2691053887073,1
4758.138936899791,352.88753481821215,1
4915.5022115003885,390.63638112608294,1
4973.034553473004,532.579664754219,1
4760.196415500447,271.283643141575,1
4776.599774318859,260.28818148870084,1
4931.41291734748,341.64006736539955,1
4871.719624866052,503.83788510193165,1
4894.118102019162,248.06539245231576,1
4877.24713731204,116.78444018894311,1
4881.255673674252,354.88411415910014,1
4743.8822297351135,455.17407999109207,1
4933.785416529716,520.0261749738829,1
4943.5671993942215,353.6838637914601,1
4831.648740474558,358.85733928839977,1
4846.521844014891,515.3900734255748,1
4727.511399795542,213.02583003045794,1
4891.140380481427,361.1479224816991,1
4895.764595337131,419.0423889925058,1
4845.024718640055,444.9218721285034,1
4939.94826878964,349.01933068091176,1
4823.273821521605,403.44410117058413,1
4895.168474071488,151.16726465870104,1
4768.42685290463,334.17515876661514,1
4848.115827930061,445.35087125544675,1
4836.051659367773,301.7705965745321,1
4868.024633763275,405.89842215895976,1
4820.437845693331,444.6872500802698,1
4839.482192346267,365.7450799142235,1
4916.083773715321,417.0463770996571,1
4815.0588610209425,303.7267434715388,1
4721.473831940905,379.33887203039535,1
4989.966712336433,461.02161695892227,1
4960.516326295239,415.69729609684344,1
4746.618984391551,341.3468730436065,1
4905.176624419615,422.4216404290793,1
4809.762018355893,471.4609790636618,1
4871.078977226485,195.0058721422522,1
4873.537930321079,515.9074064955897,1
4831.2473759746945,366.3745261318928,1
4787.298746753088,442.54899332402306,1
4794.756715814699,519.7246923645228,1
4776.704646761501,262.8326302769534,1
4783.454223341564,329.05589975724536,1
4844.625736796052,371.1451304124295,1
4792.7392008711395,321.62464788755716,1
4904.564165257009,573.4936575836808,1
4968.979692426874,314.3227906173207,1
4803.595740690396,344.4453220513133,1
4869.15236004283,420.4389031602977,1
4889.974808824235,279.7850473923911,1
4887.760181673542,360.4319288243736,1
4856.076421433287,431.7453261250175,1
4909.414593468778,366.7139595617489,1
4888.579916214452,390.66131411000515,1
4750.987006213816,347.0667887551629,1
4919.532485151142,248.5529690819233,1
4920.9832669813395,432.15932113392387,1
4788.937111665713,575.4933071647241,1
4853.035026835808,401.84016307834383,1
4904.666319424886,422.52641172475495,1
4833.254894433651,469.27227551168596,1
4935.838243821281,273.0669503453301,1
5039.109799569549,570.2514658129605,1
4787.121117389202,420.2328796422802,1
4739.516431747698,563.185689908911,1
4874.30548764839,326.6967004476011,1
4907.7250004100915,581.8061922557824,1
4831.530690092419,477.5155494034783,1
4966.260853065683,455.30400858523586,1
4742.91153602214,423.4024454353148,1
4905.433489842529,375.1471381925551,1
4801.531134339289,520.0531658473873,1
4987.550232496584,414.0359869848047,1
5009.4012282534495,203.29302964128476,1
4788.667472977332,288.28135382929975,1
4806.035429127313,381.4154247807253,1
4918.767030958385,430.9998983165555,1
4819.029548016839,394.3411511100104,1
4846.367102565421,521.8970789793664,1
4852.031073643393,204.88981359613751,1
4696.426147504188,414.358793650516,1
4848.892980312461,218.20207746128452,1
4794.821778074866,475.97122954841683,1
4810.550174208019,390.5541285557997,1
4965.490560277505,441.9609972024118,1
4749.47944845766,313.6117039410234,1
4915.056414939838,527.9464931657751,1
4827.6829655734555,504.17246640588513,1
4827.619186520334,458.35443030118876,1
4913.229751684137,387.04827531365595,1
4877.204103565511,457.9857285295132,1
4895.649039777562,329.3107432012651,1
4927.454772842629,485.5555659020712,1
4823.4953293453345,564.9480894323921,1
4801.02106123938,507.06105599791863,1
4763.187957875376,327.039753019259,1
4783.9671576016835,436.1417317273103,1
5085.927554024698,270.68584562413525,1
4949.574366458943,457.23903111756755,1
4741.914050703358,445.0603412862539,1
4744.203363460514,213.0183660467836,1
4888.54928493748,283.82161560876364,1
4893.781183790237,371.6861103256233,1
4893.910706825389,369.9140252859174,1
4829.603536515704,279.05230645811946,1
4839.963659199768,438.8978729352184,1
4876.230361932749,425.1473608940512,1
4856.871440503466,380.57308680214805,1
4672.455970180197,324.42084998416374,1
4831.616029553985,504.8707126416564,1
4781.887485259175,565.5407113088295,1
4864.016913512681,351.6438516153463,1
5088.820720208273,338.78330828451794,1
4879.398533237944,449.1207665411996,1
4824.917625106208,364.19706202530136,1
4923.7441201581805,386.0602799336766,1
4888.615030976737,473.9653151724672,1
4883.607559236148,209.06439124927073,1
4898.548047457253,531.830232485267,1
5014.523485186363,407.26805243293416,1
4759.528925173927,358.850685543782,1
4887.890566144916,391.0765845778551,1
4775.889509601477,396.24293550205186,1
4894.44101170738,226.87986965550746,1
4776.505079081113,549.4938227453235,1
4816.610654911593,404.13256322706184,1
4826.3928068609675,444.3002130447375,1
4928.065337547577,495.15497705740427,1
4923.476355515393,297.88375424397,1
4750.342609884289,447.34718990352286,1
4854.394728879988,373.23589091012065,1
4793.233611620066,484.6770775216494,1
4749.319607145973,187.27725796485046,1
4832.63863596605,390.0905699758731,1
4825.321376923534,339.71793442160384,1
5044.137318907642,443.22629506341553,1
4884.636786028856,447.0044187368202,1
4739.790599939661,329.2374105177974,1
4804.818079666325,328.78261358239564,1
4931.7106636343515,388.9334631442671,1
5017.075421829594,310.3357772684792,1
4723.121335020964,484.1983695452127,1
4699.606049188877,363.0792799552554,1
4999.677214029743,109.30117806783585,1
4881.169134189672,362.5177943378194,1
4780.536581449891,296.14561791560277,1
4892.770326889795,236.87241845390545,1
4639.1401808786495,276.2573361777428,1
4850.270040527773,410.940847183297,1
4876.225693827447,532.8640828248231,1
4923.941611163026,431.318447386498,1
4768.888323816597,339.349661178426,1
4856.854972912269,445.59041951707025,1
4775.966029915233,354.0909689781008,1
4870.430700453945,330.5399630836855,1
4778.372294210958,284.5637331767016,1
4817.351932867183,224.8171193248281,1
4770.334768416782,361.0076293440555,1
4902.0908993458925,415.8053489920132,1
4918.676089332534,390.337632998511,1
4831.230354403407,358.4033072052641,1
4853.059039596802,305.4253939303219,1
4734.112686829317,460.82461916849684,1
4826.025868159457,268.2868080053415,1
4845.983630636661,477.60279138434754,1
5059.663447282398,299.77829810732754,1
4761.042637938067,324.7564762646965,1
4967.134179100195,253.3214809384323,1
4929.7487018772645,349.8597853114363,1
4872.450912359211,497.5312458477979,1
4990.689638735611,451.56280884439565,1
4879.768437808549,497.8422112028035,1
4881.132735653434,452.2142545933936,1
4845.750347758596,289.6330171469631,1
4947.88551059349,366.92107756724425,1
4937.717538704871,321.98008708825375,1
4799.945817000303,533.057490403904,1
4744.460224432099,280.32113535736886,1
4833.761549008347,489.3697689389111,1
4785.996914848189,489.29538701087694,1
4844.918034030771,582.9620201716087,1
4948.995050774731,359.03134073705024,1
4813.415867593057,471.23221595801624,1
4846.574129495074,628.1651836538842,1
4854.641818784672,338.23583230663036,1
4917.874470576423,246.49597524676403,1
4670.248853281231,211.99899660922364,1
4801.463976418776,471.27120288613315,1
4866.902695382358,211.68497919414162,1
4946.006316514149,362.7680947062077,1
4810.647804199503,443.7313187038961,1
4616.665798314692,84.08516104224003,2
4638.290037776575,92.47124388406513,2
4620.006087022077,313.98496766287406,2
4715.0979231982055,150.0546255165986,2
4514.291525733508,212.57040012251673,2
4539.070437538732,86.72804946659575,2
4530.460649925626,87.6117643022689,2
4674.717263067635,236.55878473999536,2
4681.0358729555555,42.03390307587742,2
4640.610278738665,116.78289856757829,2
4706.514430020094,152.72219288577855,2
4493.976321936126,158.9098081472042,2
4750.050170039603,135.6725371987075,2
4737.091475954103,181.66558248767384,2
4666.205979752117,205.42846046542493,2
4760.361901789395,208.7710036367464,2
4450.903911309,71.13569530657387,2
4552.799667736362,127.26759216569623,2
4533.822688538624,245.58102895015503,2
4664.933139138161,221.57177500590979,2
4505.487333435807,40.17124388151488,2
4668.174563440373,178.11839202817612,2
4723.348252959704,0.0,2
4662.56826100756,153.75479216482958,2
4625.537592129535,301.82136133967816,2
4511.091399318932,74.1685826184811,2
4523.783413048717,83.25415636067343,2
4712.4657014767,211.12238252582875,2
4670.14141035148,26.57587878322832,2
4596.488243256021,99.37959760919688,2
4562.38814088107,197.7152910065402,2
4417.677291419976,99.25713218484775,2
4503.623282318401,131.12240102312228,2
4772.027717842575,209.53485682520278,2
4484.758998609778,183.7236866829249,2
4617.053183909898,171.34547170363214,2
4690.669957587568,122.8702176583969,2
4487.056959879794,179.60488922151643,2
4616.623942730297,140.10138559201948,2
4684.412398375959,186.62444879406277,2
4601.124938971652,110.24543799056174,2
4858.156275010009,135.3944820496367,2
4449.826066700963,70.80337659583888,2
4695.285567689549,147.19939119950112,2
4584.447843634318,85.11993090969241,2
4669.472813935301,60.87628398704054,2
4639.717643652933,170.69289182843104,2
4534.0159422601,167.01918206861282,2
4620.609675321341,212.6298987958858,2
4432.788869374154,115.50995443399208,2
4654.292275051425,182.64422774694046,2
4626.834261939147,194.06380578189305,2
4657.479415177879,185.58190462652757,2
4695.230649257844,83.94770537582863,2
4633.085785618874,161.94907858169512,2
4613.328047781845,179.1312236843729,2
4520.703849700483,150.57427735263536,2
4535.900131271585,0.0,2
4706.80611581596,162.8391699178784,2
4729.270186513538,327.00248315177936,2
4578.570060731915,121.19685849944139,2
4604.140247252794,91.75383217157432,2
4518.584706250561,179.86788477691186,2
4705.54811607407,174.99025683732575,2
4659.88751413226,245.41881323331316,2
4774.7095692817375,49.37054752728898,2
4520.950923053823,208.5104202059994,2
4565.97928908836,197.23376490011708,2
4620.830133027302,138.62827704475632,2
4658.184058395319,177.0949854337352,2
4580.589912620713,232.35659852786858,2
4521.433501859167,219.78523040227603,2
4679.326677603121,58.55845503410171,2
4664.902182629103,215.61265494043874,2
4517.535330949265,144.8249115973985,2
4721.989852099495,155.82992784124124,2
4705.3178838276945,155.85575928013557,2
4612.086684752301,137.9805608961392,2
4607.163807613843,245.33659976856518,2
4649.865199400431,143.30256321206303,2
4522.446723676937,60.436309729346505,2
4602.7028331247675,118.51761152242169,2
4406.285480985174,164.29557734483805,2
4678.881008095264,248.33718274376403,2
4459.465609980232,198.2475747959067,2
4735.30778455861,81.95717770023649,2
4570.289191543019,348.8151933343113,2
4580.949971626194,171.18202487823837,2
4543.503948452394,252.03125903992117,2
4574.076501347013,137.86284531382168,2
4727.667821063324,192.66873957643594,2
4376.097220911843,217.15748036147238,2
4714.926884747937,247.45557694034048,2
4630.422113299153,234.589464430258,2
4491.368051692851,219.7757600058382,2
4503.221884625568,124.79306150447131,2
4750.875372448738,104.2603166435151,2
4514.904380805154,176.6086008259358,2
4496.198454046364,224.65024578728554,2
4702.358308812825,132.18234393787145,2
4630.469758865733,235.21375725715092,2
4515.586698111724,266.20933963889433,2
4619.496247786416,76.69432647412643,2
4507.682258472375,83.04634369629761,2
4699.073925858034,138.7699952875731,2
4695.523386838582,174.6090134551357,2
4647.880557893975,108.03463889863593,2
4632.549495512231,258.1762143093715,2
4758.506931238064,183.9253489214761,2
4599.97176946494,153.15576385925917,2
4493.6313287121275,35.12723809051779,2
4640.452652154908,44.734734685799424,2
4787.7442344583405,172.4807400225445,2
4508.6716456132735,0.0,2
4567.468350997541,231.01099277152574,2
4637.48014342913,137.34769245021437,2
4595.148563589483,409.4474375675787,2
4511.592677766042,334.63330004928883,2
4700.967207060742,135.48407446019866,2
4808.803664981553,141.49303979749482,2
4617.651831312151,229.6465211201624,2
4518.63385392376,286.253808793443,2
4460.5935527451875,18.957675405118664,2
4623.217838309906,7.089962771625068,2
4699.348960898463,100.23721555564948,2
4642.765097184584,196.61900665390914,2
4599.783654317303,189.74988724060776,2
4546.9655513389625,235.581716398708,2
4501.705273055372,54.02419773077534,2
4675.127619369239,0.0,2
4682.2394459247025,218.64113562417162,2
4460.884319197834,83.74429816278123,2
4743.085508036262,0.0,2
4651.66640988046,161.60509967675054,2
4725.963518063121,213.4540550574942,2
4479.208502636339,140.2354294302978,2
4477.07582601261,113.37212910540086,2
4586.592762120943,137.25102142832748,2
4645.250598420567,120.35337900793738,2
4761.672474063426,42.15623104478664,2
4663.547102243362,92.82554584076546,2
4578.158685086917,191.70239240110516,2
4507.62677131007,175.73428331012002,2
4710.7000515447235,163.44478447734562,2
4513.176511682435,70.38812145172965,2
4746.562169929509,135.47974702914664,2
4574.405381535415,0.0,2
4743.152386535607,164.2781331108312,2
4661.103816105335,264.3086166250854,2
4587.670405950179,32.06942943663154,2
4553.254326535649,103.12578613457958,2
4569.318291038853,176.32854229681035,2
4638.548502313772,250.2274107541987,2
4606.944084659594,114.14203069598804,2
4546.556973273817,94.6199736587283,2
4585.093173071413,0.0,2
4607.071932674723,158.27505034464852,2
4408.413931502667,313.36608321149953,2
4641.235130330982,172.18867695717407,2
4511.825089775487,148.21768166530293,2
4496.200083711483,175.76658486135884,2
4448.139008760036,149.11263968411183,2
4438.54967519189,84.95885021918961,2
4478.009724719894,215.86239325421644,2
4536.188113813256,168.06092184894035,2
4775.793322377391,151.40906015469258,2
4552.670829169431,71.97071781774001,2
4615.997509564123,254.28063455478073,2
4636.04332478557,203.1762196266488,2
4611.795866759427,105.76633301061584,2
4593.0300885346605,230.14598829455497,2
4492.423561276068,110.19433292918342,2
4730.5834793451295,87.43972059911704,2
4762.647697927409,89.22375060157704,2
4448.560717528958,8.314515752952701,2
4507.837426820226,187.72339043345647,2
4574.81706918607,3.5084097329319945,2
4513.191598458083,51.724493498738994,2
4645.536899811028,0.0,2
4534.4555017834045,143.11442457672857,2
4794.855046102594,137.97436317825023,2
4707.149373490924,123.86430294509088,2
4619.1316627568995,66.59378442635389,2
4692.428763698776,56.2212997250688,2
4699.531038192158,187.14958908372594,2
4549.244726074759,105.95584546332098,2
4526.540447991223,175.3086657228916,2
4607.032875667268,79.1801051100622,2
4677.5472512048145,164.4850194216866,2
4612.515435878808,254.2622429852851,2
4458.070316602811,196.89326403142266,2
4527.745800044424,117.00689454268158,2
4593.342442276506,170.5759176284742,2
4593.190095610676,130.74678603758295,2
4777.528795911083,150.63041477557826,2
4475.26108518409,123.95111582811971,2
4645.503031765229,136.85318352916872,2
4734.0201797495465,166.96746824593401,2
4804.430477088052,70.53130403344394,2
4563.604231913443,68.72969384080173,2
4644.228650744818,38.91659569350311,2
4651.278432147878,21.978311639703207,2
4617.5933558397965,52.617384622361655,2
4591.103931888462,162.75700054433034,2
4639.237785055004,78.57699876064927,2
4372.097852330228,191.0891571384877,2
4661.386254105637,152.77709990020495,2
4611.356011329577,0.0,2
4579.977259289956,202.39804673773517,2
4784.21759761476,214.8638916473368,2
4539.25593830885,70.49098601321174,2
4563.723160984147,183.61532343159934,2
4779.2397971984265,81.48014100726408,2
4525.114482563513,157.81363013986683,2
4550.489624535711,48.84012744360275,2
4586.767711891223,6.551483797233857,2
4675.66610339166,119.3746248309625,2
4618.702225661798,140.1016842980131,2
4483.6637187562965,118.18562451083167,2
4552.104829318553,55.27755534219524,2
4545.338101010901,118.00807502950903,2
4593.050105929926,171.54358020645873,2
4638.325929276684,146.40855759019703,2
4637.638518029918,164.60008244793707,2
4440.158942135644,96.39078396366136,2
4695.754688880477,243.73743317729276,2
4622.731196139696,55.90613307561755,2
4724.607884283451,189.00482376693748,2
4639.977849456161,244.55128743679694,2
4699.119066196218,188.47264741991162,2
4641.989078030511,133.7980618348136,2
4721.160318058247,107.73623626696167,2
4647.0025572416,232.88701208370048,2
4591.187627820139,36.16200597906615,2
4804.51912484022,72.39005916962851,2
4680.01334100519,118.1953787606623,2
4651.636997890397,249.01230060095986,2
4485.1326025115495,180.38141088327168,2
4484.0523144282815,72.55633931918038,2
4626.3443933927665,125.17538356920771,2
4613.096907799141,100.85414847229644,2
4544.7289691492515,93.21688062131719,2
4612.688442965085,228.31116468454235,2
4742.976423523924,40.26054965891956,2
4662.586222709527,278.7024684587499,2
4497.309234122254,216.25837521476984,2
4589.964205557135,237.26893364829584,2
4527.553016723269,112.96483903797935,2
4565.107007523229,138.00474247367126,2
4562.774590093332,35.34785483802304,2
4557.01189756564,108.02700743465576,2
4487.037816522395,189.49238781145206,2
4588.511078663363,253.6850449425117,2
4549.545312683742,61.42745465580387,2
4336.349617899796,120.75952504117873,2
4784.7674822051495,137.89606238139822,2
4697.989268879501,38.33686382460118,2
4566.132934756751,197.30793934067202,2
4601.693714476653,92.08077346059127,2
4494.55110874142,134.3687719058381,2
4752.615059002977,113.84405024704978,2
4770.75598252958,86.85291954242605,2
4614.102435542187,149.43640116155564,2
4692.117757976681,132.75123371455823,2
4615.775810104054,120.25136941770675,2
4479.694710501166,91.72307026557257,2
4562.935896793271,175.56197366263643,2
4611.873517009476,282.28938147938277,2
4559.09070531309,161.1909786271302,2
4580.321205030847,229.6894571928903,2
4591.774039824179,38.78224598772299,2
4592.720935192108,162.62091514350155,2
4604.703264144773,62.21053448231467,2
4504.545544024306,31.846005797447887,2
4535.468546578486,90.8502874032771,2
4484.387416087003,245.35194675308583,2
4688.003399471758,226.00126629357163,2
4410.491775234371,169.44037776435198,2
4703.823130898523,27.38395520880553,2
4724.771445753656,134.29754788896506,2
4572.803747171564,174.13600071213884,2
4365.717662095543,164.04289836628783,2
4567.482049422943,2.496513321540334,2
4594.223425484006,78.77457215841025,2
4509.046160206398,144.87377886810268,2
4553.6303445572585,192.9032727613752,2
4737.717567897702,0.0,2
4659.843444607157,137.03008196161133,2
4516.789229705971,161.4439015903162,2
4456.216074736411,217.96895908129704,2
4570.568441415121,205.42860673899494,2
4580.788889858461,196.60570550470442,2
4644.657926862698,86.00475946384526,2
4551.8214958689105,0.0,2
4646.034961782568,118.55577943508791,2
4774.16386360542,230.1305460166848,2
4673.395092019984,261.47636220195454,2
4595.67203434023,206.8439281838228,2
4583.516457605204,184.34726582413873,2
4567.899417923812,180.37117187087725,2
4706.257682120693,105.51050025913756,2
4543.541789864383,139.5951765157104,2
4604.070043809998,283.5255620661065,2
4604.607811169298,74.5953595366499,2
4554.839422646962,279.18230325678815,2
4476.478100690431,124.23774764063532,2
4629.06770532559,256.03456872760626,2
4594.509642533016,37.454799240196934,2
4645.021642249291,196.87233609317192,2
4551.975972420475,91.05838912419024,2
4709.873916893174,36.778624646065,2
4521.090359690934,167.48272339287564,2
4754.0836255616105,230.7577430876775,2
4442.712714115456,82.4046849125203,2
4639.12930581012,30.078723163327908,2
4642.788761427396,142.65241885320359,2
4528.399863885321,143.0051736978255,2
4638.1954544074915,193.8655702043599,2
4715.156680278415,225.96756570915906,2
4400.486304458134,145.24678549820047,2
4645.247032674173,298.44026518354104,2
4375.605626170293,167.93877956282336,2
4513.090167682912,122.28587951944803,2
4746.624972841085,21.07461127177376,2
4547.639616994715,128.98723837470658,2
4494.350803203192,123.0890443671091,2
4582.185604391379,226.82438370251762,2
4786.111570434719,186.99868992534832,2
4435.148597751458,55.650470269390624,2
4505.382107952459,163.780350912883,2
4734.768851486167,203.72249373832426,2
4767.193210918396,272.2425087510266,2
4590.691189813874,221.00031739312476,2
4488.485256772602,210.86773234491824,2
4788.625915162825,154.8068795692131,2
4743.499815257428,181.06496043387597,2
4661.105228898601,249.9603920564927,2
4526.883788595632,43.37780820162803,2
4595.587359324577,122.04485382264352,2
4585.567592705966,88.19450009950074,2
4629.776617415402,180.33224949808994,2
4730.59012943182,248.417774052063,2
4679.147533702367,102.24205706231409,2
4503.036153071372,0.0,2
4723.884680501758,117.02234039804239,2
4628.181892601184,223.07789856139254,2
4661.835921627302,193.01039223599037,2
4731.9886773350745,184.2548998248461,2
4499.95777754378,127.60053585004162,2
4596.775697916419,47.677541102417095,2
4552.169090377671,191.22354572995738,2
4458.892651717109,83.25745519723002,2
4631.203897984443,324.7277386704365,2
4826.040089642598,195.6405766683613,2
4434.393002994482,103.54813579568392,2
4597.094745005547,101.08918020890974,2
4657.648864156729,142.56446347091293,2
4611.0770381490565,130.83984623826,2
4589.818475273583,239.34670204239634,2
4483.070527289876,164.9132935795237,2
4620.950806864615,91.46946088731775,2
4531.8912420685665,301.2352548124626,2
4402.90704655193,153.94466652161782,2
4707.513299846236,211.50717407751173,2
4686.254723785783,101.34187940441926,2
4604.6494879165975,179.04925021956188,2
4620.616721938513,174.88879929145563,2
4696.688621144401,0.0,2
4620.190569110027,311.2220088368512,2
4681.361579928518,253.25155687380376,2
4573.226601921354,118.224374708321,2
4718.078536471655,61.81842076353156,2
4628.870715333942,177.80492910428416,2
4617.4646749245285,156.93581595315172,2
4485.694502015917,178.45351588505835,2
4625.826026887154,165.32619169552717,2
4525.1240574255,190.4992791444741,2
4542.554554612436,265.7844559513445,2
4526.616193451549,195.4482564102917,2
4504.03885612907,66.0275600872047,2
4791.229426271527,259.00502821699615,2
4719.8205155789565,281.249165079063,2
4772.833075192983,402.1645387609668,2
4489.939448239999,60.12047734083217,2
4606.41283749198,169.430561052022,2
4483.5843137316315,0.0,2
4537.387461052264,194.25193251033673,2
4517.368571492509,106.14397614665819,2
4711.56256057974,303.8756635859962,2
4564.339328970842,88.03080239851344,2
4696.154140032461,14.865356962619074,2
4654.3708800629665,112.29890074379843,2
4807.327487689431,0.0,2
4466.850019917425,210.0879563605848,2
4713.330991580812,0.0,2
4703.179678336065,152.2766064946527,2
4512.395904577567,0.0,2
4690.642000282584,124.37617563706866,2
4630.25304667236,281.4702524643627,2
4579.527136604193,178.8518313148636,2
